<?xml version="1.0" encoding="UTF-8"?><?xml-stylesheet type='text/xsl' href='_UpgradeReport_Files/UpgradeReport.xslt'?><UpgradeLog>
<Properties><Property Name="Solution" Value="All">
</Property><Property Name="Solution File" Value="C:\Program Files\LibUsbDotNet\Src\All.sln">
</Property><Property Name="Date" Value="Sunday, April 14, 2013">
</Property><Property Name="Time" Value="17:33 PM">
</Property></Properties><Event ErrorLevel="0" Project="Test_Bulk" Source="Test_Bulk\Test_Bulk.csproj" Description="The project file does not require conversion.">
</Event><Event ErrorLevel="3" Project="Test_Bulk" Source="Test_Bulk\Test_Bulk.csproj" Description="No Conversion Required">
</Event><Event ErrorLevel="1" Project="Benchmark" Source="Benchmark\Benchmark.csproj" Description="Your project is targeting .NET Framework 2.0 or 3.0. If your project uses assemblies requiring a newer .NET Framework, your project will fail to build. You can change the .NET Framework version by clicking Properties on the project menu and then selecting a new version in the '.NET Framework' dropdown box. (In Visual Basic, this is located on the Compile tab by clicking the 'Advanced Compiler Options...' button.)">
</Event><Event ErrorLevel="0" Project="Benchmark" Source="Benchmark\Benchmark.csproj" Description="Project converted successfully">
</Event><Event ErrorLevel="3" Project="Benchmark" Source="Benchmark\Benchmark.csproj" Description="Converted">
</Event><Event ErrorLevel="1" Project="LibUsbDotNet" Source="LibWinUsb\LibUsbDotNet.csproj" Description="Your project is targeting .NET Framework 2.0 or 3.0. If your project uses assemblies requiring a newer .NET Framework, your project will fail to build. You can change the .NET Framework version by clicking Properties on the project menu and then selecting a new version in the '.NET Framework' dropdown box. (In Visual Basic, this is located on the Compile tab by clicking the 'Advanced Compiler Options...' button.)">
</Event><Event ErrorLevel="0" Project="LibUsbDotNet" Source="LibWinUsb\LibUsbDotNet.csproj" Description="Project converted successfully">
</Event><Event ErrorLevel="3" Project="LibUsbDotNet" Source="LibWinUsb\LibUsbDotNet.csproj" Description="Converted">
</Event><Event ErrorLevel="1" Project="Test_DeviceNotify" Source="Test_DeviceNotify\Test_DeviceNotify.csproj" Description="Your project is targeting .NET Framework 2.0 or 3.0. If your project uses assemblies requiring a newer .NET Framework, your project will fail to build. You can change the .NET Framework version by clicking Properties on the project menu and then selecting a new version in the '.NET Framework' dropdown box. (In Visual Basic, this is located on the Compile tab by clicking the 'Advanced Compiler Options...' button.)">
</Event><Event ErrorLevel="0" Project="Test_DeviceNotify" Source="Test_DeviceNotify\Test_DeviceNotify.csproj" Description="Project converted successfully">
</Event><Event ErrorLevel="3" Project="Test_DeviceNotify" Source="Test_DeviceNotify\Test_DeviceNotify.csproj" Description="Converted">
</Event><Event ErrorLevel="1" Project="Test_Info" Source="Test_Info\Test_Info.csproj" Description="Your project is targeting .NET Framework 2.0 or 3.0. If your project uses assemblies requiring a newer .NET Framework, your project will fail to build. You can change the .NET Framework version by clicking Properties on the project menu and then selecting a new version in the '.NET Framework' dropdown box. (In Visual Basic, this is located on the Compile tab by clicking the 'Advanced Compiler Options...' button.)">
</Event><Event ErrorLevel="0" Project="Test_Info" Source="Test_Info\Test_Info.csproj" Description="Project converted successfully">
</Event><Event ErrorLevel="3" Project="Test_Info" Source="Test_Info\Test_Info.csproj" Description="Converted">
</Event><Event ErrorLevel="1" Project="Read.Write" Source="Examples\Read.Write\Read.Write.csproj" Description="Your project is targeting .NET Framework 2.0 or 3.0. If your project uses assemblies requiring a newer .NET Framework, your project will fail to build. You can change the .NET Framework version by clicking Properties on the project menu and then selecting a new version in the '.NET Framework' dropdown box. (In Visual Basic, this is located on the Compile tab by clicking the 'Advanced Compiler Options...' button.)">
</Event><Event ErrorLevel="0" Project="Read.Write" Source="Examples\Read.Write\Read.Write.csproj" Description="Project converted successfully">
</Event><Event ErrorLevel="3" Project="Read.Write" Source="Examples\Read.Write\Read.Write.csproj" Description="Converted">
</Event><Event ErrorLevel="1" Project="Read.Write.Event" Source="Examples\Read.Write.Event\Read.Write.Event.csproj" Description="Your project is targeting .NET Framework 2.0 or 3.0. If your project uses assemblies requiring a newer .NET Framework, your project will fail to build. You can change the .NET Framework version by clicking Properties on the project menu and then selecting a new version in the '.NET Framework' dropdown box. (In Visual Basic, this is located on the Compile tab by clicking the 'Advanced Compiler Options...' button.)">
</Event><Event ErrorLevel="0" Project="Read.Write.Event" Source="Examples\Read.Write.Event\Read.Write.Event.csproj" Description="Project converted successfully">
</Event><Event ErrorLevel="3" Project="Read.Write.Event" Source="Examples\Read.Write.Event\Read.Write.Event.csproj" Description="Converted">
</Event><Event ErrorLevel="1" Project="Device.Notification" Source="Examples\Device.Notification\Device.Notification.csproj" Description="Your project is targeting .NET Framework 2.0 or 3.0. If your project uses assemblies requiring a newer .NET Framework, your project will fail to build. You can change the .NET Framework version by clicking Properties on the project menu and then selecting a new version in the '.NET Framework' dropdown box. (In Visual Basic, this is located on the Compile tab by clicking the 'Advanced Compiler Options...' button.)">
</Event><Event ErrorLevel="0" Project="Device.Notification" Source="Examples\Device.Notification\Device.Notification.csproj" Description="Project converted successfully">
</Event><Event ErrorLevel="3" Project="Device.Notification" Source="Examples\Device.Notification\Device.Notification.csproj" Description="Converted">
</Event><Event ErrorLevel="1" Project="Read.Only" Source="Examples\Read.Only\Read.Only.csproj" Description="Your project is targeting .NET Framework 2.0 or 3.0. If your project uses assemblies requiring a newer .NET Framework, your project will fail to build. You can change the .NET Framework version by clicking Properties on the project menu and then selecting a new version in the '.NET Framework' dropdown box. (In Visual Basic, this is located on the Compile tab by clicking the 'Advanced Compiler Options...' button.)">
</Event><Event ErrorLevel="0" Project="Read.Only" Source="Examples\Read.Only\Read.Only.csproj" Description="Project converted successfully">
</Event><Event ErrorLevel="3" Project="Read.Only" Source="Examples\Read.Only\Read.Only.csproj" Description="Converted">
</Event><Event ErrorLevel="1" Project="Show.Info" Source="Examples\Show.Info\Show.Info.csproj" Description="Your project is targeting .NET Framework 2.0 or 3.0. If your project uses assemblies requiring a newer .NET Framework, your project will fail to build. You can change the .NET Framework version by clicking Properties on the project menu and then selecting a new version in the '.NET Framework' dropdown box. (In Visual Basic, this is located on the Compile tab by clicking the 'Advanced Compiler Options...' button.)">
</Event><Event ErrorLevel="0" Project="Show.Info" Source="Examples\Show.Info\Show.Info.csproj" Description="Project converted successfully">
</Event><Event ErrorLevel="3" Project="Show.Info" Source="Examples\Show.Info\Show.Info.csproj" Description="Converted">
</Event><Event ErrorLevel="1" Project="Read.Write.Async" Source="Examples\Read.Write.Async\Read.Write.Async.csproj" Description="Your project is targeting .NET Framework 2.0 or 3.0. If your project uses assemblies requiring a newer .NET Framework, your project will fail to build. You can change the .NET Framework version by clicking Properties on the project menu and then selecting a new version in the '.NET Framework' dropdown box. (In Visual Basic, this is located on the Compile tab by clicking the 'Advanced Compiler Options...' button.)">
</Event><Event ErrorLevel="0" Project="Read.Write.Async" Source="Examples\Read.Write.Async\Read.Write.Async.csproj" Description="Project converted successfully">
</Event><Event ErrorLevel="3" Project="Read.Write.Async" Source="Examples\Read.Write.Async\Read.Write.Async.csproj" Description="Converted">
</Event><Event ErrorLevel="1" Project="InfWizard" Source="InfWizard\InfWizard.csproj" Description="Your project is targeting .NET Framework 2.0 or 3.0. If your project uses assemblies requiring a newer .NET Framework, your project will fail to build. You can change the .NET Framework version by clicking Properties on the project menu and then selecting a new version in the '.NET Framework' dropdown box. (In Visual Basic, this is located on the Compile tab by clicking the 'Advanced Compiler Options...' button.)">
</Event><Event ErrorLevel="0" Project="InfWizard" Source="InfWizard\InfWizard.csproj" Description="Project converted successfully">
</Event><Event ErrorLevel="3" Project="InfWizard" Source="InfWizard\InfWizard.csproj" Description="Converted">
</Event><Event ErrorLevel="1" Project="MonoUsb.ShowInfo" Source="MonoLibUsb\MonoUsb.ShowInfo\MonoUsb.ShowInfo.csproj" Description="Your project is targeting .NET Framework 2.0 or 3.0. If your project uses assemblies requiring a newer .NET Framework, your project will fail to build. You can change the .NET Framework version by clicking Properties on the project menu and then selecting a new version in the '.NET Framework' dropdown box. (In Visual Basic, this is located on the Compile tab by clicking the 'Advanced Compiler Options...' button.)">
</Event><Event ErrorLevel="0" Project="MonoUsb.ShowInfo" Source="MonoLibUsb\MonoUsb.ShowInfo\MonoUsb.ShowInfo.csproj" Description="Project converted successfully">
</Event><Event ErrorLevel="3" Project="MonoUsb.ShowInfo" Source="MonoLibUsb\MonoUsb.ShowInfo\MonoUsb.ShowInfo.csproj" Description="Converted">
</Event><Event ErrorLevel="1" Project="MonoUsb.BulkReadWrite" Source="MonoLibUsb\MonoUsb.BulkReadWrite\MonoUsb.BulkReadWrite.csproj" Description="Your project is targeting .NET Framework 2.0 or 3.0. If your project uses assemblies requiring a newer .NET Framework, your project will fail to build. You can change the .NET Framework version by clicking Properties on the project menu and then selecting a new version in the '.NET Framework' dropdown box. (In Visual Basic, this is located on the Compile tab by clicking the 'Advanced Compiler Options...' button.)">
</Event><Event ErrorLevel="0" Project="MonoUsb.BulkReadWrite" Source="MonoLibUsb\MonoUsb.BulkReadWrite\MonoUsb.BulkReadWrite.csproj" Description="Project converted successfully">
</Event><Event ErrorLevel="3" Project="MonoUsb.BulkReadWrite" Source="MonoLibUsb\MonoUsb.BulkReadWrite\MonoUsb.BulkReadWrite.csproj" Description="Converted">
</Event><Event ErrorLevel="1" Project="MonoUsb.ShowConfig" Source="MonoLibUsb\MonoUsb.ShowConfig\MonoUsb.ShowConfig.csproj" Description="Your project is targeting .NET Framework 2.0 or 3.0. If your project uses assemblies requiring a newer .NET Framework, your project will fail to build. You can change the .NET Framework version by clicking Properties on the project menu and then selecting a new version in the '.NET Framework' dropdown box. (In Visual Basic, this is located on the Compile tab by clicking the 'Advanced Compiler Options...' button.)">
</Event><Event ErrorLevel="0" Project="MonoUsb.ShowConfig" Source="MonoLibUsb\MonoUsb.ShowConfig\MonoUsb.ShowConfig.csproj" Description="Project converted successfully">
</Event><Event ErrorLevel="3" Project="MonoUsb.ShowConfig" Source="MonoLibUsb\MonoUsb.ShowConfig\MonoUsb.ShowConfig.csproj" Description="Converted">
</Event><Event ErrorLevel="1" Project="MonoUsb.Async.ControlIO" Source="MonoLibUsb\MonoUsb.Async.ControlIO\MonoUsb.Async.ControlIO.csproj" Description="Your project is targeting .NET Framework 2.0 or 3.0. If your project uses assemblies requiring a newer .NET Framework, your project will fail to build. You can change the .NET Framework version by clicking Properties on the project menu and then selecting a new version in the '.NET Framework' dropdown box. (In Visual Basic, this is located on the Compile tab by clicking the 'Advanced Compiler Options...' button.)">
</Event><Event ErrorLevel="0" Project="MonoUsb.Async.ControlIO" Source="MonoLibUsb\MonoUsb.Async.ControlIO\MonoUsb.Async.ControlIO.csproj" Description="Project converted successfully">
</Event><Event ErrorLevel="3" Project="MonoUsb.Async.ControlIO" Source="MonoLibUsb\MonoUsb.Async.ControlIO\MonoUsb.Async.ControlIO.csproj" Description="Converted">
</Event><Event ErrorLevel="1" Project="BenchmarkCon" Source="BenchmarkCon\BenchmarkCon.csproj" Description="Your project is targeting .NET Framework 2.0 or 3.0. If your project uses assemblies requiring a newer .NET Framework, your project will fail to build. You can change the .NET Framework version by clicking Properties on the project menu and then selecting a new version in the '.NET Framework' dropdown box. (In Visual Basic, this is located on the Compile tab by clicking the 'Advanced Compiler Options...' button.)">
</Event><Event ErrorLevel="0" Project="BenchmarkCon" Source="BenchmarkCon\BenchmarkCon.csproj" Description="Project converted successfully">
</Event><Event ErrorLevel="3" Project="BenchmarkCon" Source="BenchmarkCon\BenchmarkCon.csproj" Description="Converted">
</Event><Event ErrorLevel="1" Project="Read.Isochronous" Source="Examples\Read.Isochronous\Read.Isochronous.csproj" Description="Your project is targeting .NET Framework 2.0 or 3.0. If your project uses assemblies requiring a newer .NET Framework, your project will fail to build. You can change the .NET Framework version by clicking Properties on the project menu and then selecting a new version in the '.NET Framework' dropdown box. (In Visual Basic, this is located on the Compile tab by clicking the 'Advanced Compiler Options...' button.)">
</Event><Event ErrorLevel="0" Project="Read.Isochronous" Source="Examples\Read.Isochronous\Read.Isochronous.csproj" Description="Project converted successfully">
</Event><Event ErrorLevel="3" Project="Read.Isochronous" Source="Examples\Read.Isochronous\Read.Isochronous.csproj" Description="Converted">
</Event><Event ErrorLevel="0" Project="" Source="All.sln" Description="Solution converted successfully">
</Event><Event ErrorLevel="3" Project="" Source="All.sln" Description="Converted">
</Event><Event ErrorLevel="0" Project="Read.Write" Source="Examples\Read.Write\app.config" Description="File converted successfully. All &lt;supportedRuntime&gt; and &lt;requiredRuntime&gt; tags were removed to enable the project to build and run with Visual Studio 2005.">
</Event><Event ErrorLevel="3" Project="Read.Write" Source="Examples\Read.Write\app.config" Description="Converted">
</Event><Event ErrorLevel="0" Project="Read.Write.Event" Source="Examples\Read.Write.Event\app.config" Description="File converted successfully. All &lt;supportedRuntime&gt; and &lt;requiredRuntime&gt; tags were removed to enable the project to build and run with Visual Studio 2005.">
</Event><Event ErrorLevel="3" Project="Read.Write.Event" Source="Examples\Read.Write.Event\app.config" Description="Converted">
</Event><Event ErrorLevel="0" Project="Device.Notification" Source="Examples\Device.Notification\app.config" Description="File converted successfully. All &lt;supportedRuntime&gt; and &lt;requiredRuntime&gt; tags were removed to enable the project to build and run with Visual Studio 2005.">
</Event><Event ErrorLevel="3" Project="Device.Notification" Source="Examples\Device.Notification\app.config" Description="Converted">
</Event><Event ErrorLevel="0" Project="Read.Only" Source="Examples\Read.Only\Read.Only.csproj" Description="Scan complete: Upgrade not required for project files.">
</Event><Event ErrorLevel="0" Project="Show.Info" Source="Examples\Show.Info\app.config" Description="File converted successfully. All &lt;supportedRuntime&gt; and &lt;requiredRuntime&gt; tags were removed to enable the project to build and run with Visual Studio 2005.">
</Event><Event ErrorLevel="3" Project="Show.Info" Source="Examples\Show.Info\app.config" Description="Converted">
</Event><Event ErrorLevel="0" Project="Read.Write.Async" Source="Examples\Read.Write.Async\Read.Write.Async.csproj" Description="Scan complete: Upgrade not required for project files.">
</Event><Event ErrorLevel="0" Project="Read.Isochronous" Source="Examples\Read.Isochronous\Read.Isochronous.csproj" Description="Scan complete: Upgrade not required for project files.">
</Event><Event ErrorLevel="0" Project="MonoUsb.ShowInfo" Source="MonoLibUsb\MonoUsb.ShowInfo\MonoUsb.ShowInfo.csproj" Description="Scan complete: Upgrade not required for project files.">
</Event><Event ErrorLevel="0" Project="MonoUsb.BulkReadWrite" Source="MonoLibUsb\MonoUsb.BulkReadWrite\MonoUsb.BulkReadWrite.csproj" Description="Scan complete: Upgrade not required for project files.">
</Event><Event ErrorLevel="0" Project="MonoUsb.ShowConfig" Source="MonoLibUsb\MonoUsb.ShowConfig\MonoUsb.ShowConfig.csproj" Description="Scan complete: Upgrade not required for project files.">
</Event><Event ErrorLevel="0" Project="MonoUsb.Async.ControlIO" Source="MonoLibUsb\MonoUsb.Async.ControlIO\MonoUsb.Async.ControlIO.csproj" Description="Scan complete: Upgrade not required for project files.">
</Event><Event ErrorLevel="0" Project="Benchmark" Source="Benchmark\Benchmark.csproj" Description="Scan complete: Upgrade not required for project files.">
</Event><Event ErrorLevel="0" Project="LibUsbDotNet" Source="LibWinUsb\LibUsbDotNet.csproj" Description="Scan complete: Upgrade not required for project files.">
</Event><Event ErrorLevel="0" Project="Test_DeviceNotify" Source="Test_DeviceNotify\Test_DeviceNotify.csproj" Description="Scan complete: Upgrade not required for project files.">
</Event><Event ErrorLevel="0" Project="Test_Info" Source="Test_Info\Test_Info.csproj" Description="Scan complete: Upgrade not required for project files.">
</Event><Event ErrorLevel="0" Project="InfWizard" Source="InfWizard\InfWizard.csproj" Description="Scan complete: Upgrade not required for project files.">
</Event><Event ErrorLevel="0" Project="BenchmarkCon" Source="BenchmarkCon\app.config" Description="File converted successfully. All &lt;supportedRuntime&gt; and &lt;requiredRuntime&gt; tags were removed to enable the project to build and run with Visual Studio 2005.">
</Event><Event ErrorLevel="3" Project="BenchmarkCon" Source="BenchmarkCon\app.config" Description="Converted">
</Event></UpgradeLog>